{
  "Generet Report" : {
    "transaction" : "Generet Report",
    "sampleCount" : 50,
    "errorCount" : 0,
    "errorPct" : 0.0,
    "meanResTime" : 155.06000000000003,
    "medianResTime" : 154.0,
    "minResTime" : 149.0,
    "maxResTime" : 171.0,
    "pct1ResTime" : 162.8,
    "pct2ResTime" : 165.45,
    "pct3ResTime" : 171.0,
    "throughput" : 4.052192235999676,
    "receivedKBytesPerSec" : 0.8191443289569657,
    "sentKBytesPerSec" : 1.0328341539022612
  },
  "Creat pets" : {
    "transaction" : "Creat pets",
    "sampleCount" : 50,
    "errorCount" : 0,
    "errorPct" : 0.0,
    "meanResTime" : 121.55999999999999,
    "medianResTime" : 100.0,
    "minResTime" : 98.0,
    "maxResTime" : 290.0,
    "pct1ResTime" : 194.0,
    "pct2ResTime" : 196.45,
    "pct3ResTime" : 290.0,
    "throughput" : 4.008016032064128,
    "receivedKBytesPerSec" : 0.7084481462925852,
    "sentKBytesPerSec" : 1.5382327154308617
  },
  "Total" : {
    "transaction" : "Total",
    "sampleCount" : 250,
    "errorCount" : 0,
    "errorPct" : 0.0,
    "meanResTime" : 179.50399999999996,
    "medianResTime" : 101.5,
    "minResTime" : 97.0,
    "maxResTime" : 815.0,
    "pct1ResTime" : 348.0,
    "pct2ResTime" : 482.0,
    "pct3ResTime" : 796.1500000000003,
    "throughput" : 18.98830320522558,
    "receivedKBytesPerSec" : 3.3637482435819535,
    "sentKBytesPerSec" : 5.377546806167401
  },
  "add customer" : {
    "transaction" : "add customer",
    "sampleCount" : 50,
    "errorCount" : 0,
    "errorPct" : 0.0,
    "meanResTime" : 99.24000000000001,
    "medianResTime" : 98.0,
    "minResTime" : 97.0,
    "maxResTime" : 141.0,
    "pct1ResTime" : 99.9,
    "pct2ResTime" : 101.44999999999999,
    "pct3ResTime" : 141.0,
    "throughput" : 4.0703353956366,
    "receivedKBytesPerSec" : 0.7393382652230543,
    "sentKBytesPerSec" : 0.9937342274503419
  },
  "Adopt Pets" : {
    "transaction" : "Adopt Pets",
    "sampleCount" : 50,
    "errorCount" : 0,
    "errorPct" : 0.0,
    "meanResTime" : 99.12,
    "medianResTime" : 98.0,
    "minResTime" : 97.0,
    "maxResTime" : 113.0,
    "pct1ResTime" : 102.8,
    "pct2ResTime" : 104.79999999999998,
    "pct3ResTime" : 113.0,
    "throughput" : 4.07000407000407,
    "receivedKBytesPerSec" : 0.7074811762311762,
    "sentKBytesPerSec" : 1.1208409645909645
  },
  "Get Pets" : {
    "transaction" : "Get Pets",
    "sampleCount" : 50,
    "errorCount" : 0,
    "errorPct" : 0.0,
    "meanResTime" : 422.5399999999999,
    "medianResTime" : 348.0,
    "minResTime" : 321.0,
    "maxResTime" : 815.0,
    "pct1ResTime" : 680.4999999999998,
    "pct2ResTime" : 794.7499999999999,
    "pct3ResTime" : 815.0,
    "throughput" : 3.9932912706652823,
    "receivedKBytesPerSec" : 0.604453268508905,
    "sentKBytesPerSec" : 1.029520405718393
  }
}